"dia","rol","ejercicio_plan","imagen_actual","dataset_ids","dataset_nombres","gif_paths","estado","nota"
"Lunes","principal","Press banca inclinado 30°","img_def_lun_01.jpg","0047","barbell incline bench press","videos/0047-3TZduzM.gif","exacto","Mismo movimiento con barra."
"Lunes","alternativa","Press inclinado con mancuernas","img_def_lun_01_alt1.jpg","0314","dumbbell incline bench press","videos/0314-ns0SIbU.gif","exacto","Mismo movimiento y equipo."
"Lunes","alternativa","Press inclinado en maquina Smith","img_def_lun_01_alt2.jpg","0757","smith incline bench press","videos/0757-5v7KYld.gif","exacto","Mismo movimiento y equipo."
"Lunes","principal","Pec deck / Aperturas maquina","img_def_lun_03.jpg","0596","lever seated fly","videos/0596-v3xmPAR.gif","exacto","Equivalente de pec deck sentado."
"Lunes","alternativa","Aperturas con mancuernas en banco plano","img_def_lun_03_alt1.jpg","0308","dumbbell fly","videos/0308-yz9nUhF.gif","exacto","Mismo movimiento y equipo."
"Lunes","alternativa","Cable crossover a la altura del pecho","img_def_lun_03_alt2.jpg","0188","cable middle fly","videos/0188-xLYSdtg.gif","exacto","Poleas a la altura del pecho."
"Lunes","principal","Cable fly alto-bajo","img_def_lun_08.jpg","0227","cable standing fly","videos/0227-Pr9Rhf4.gif","exacto","La animación muestra la trayectoria desde poleas altas hacia el centro bajo, aunque el nombre inglés sea genérico."
"Lunes","alternativa","Pec deck unilateral","img_def_lun_08_alt1.jpg","0596","lever seated fly","videos/0596-v3xmPAR.gif","sin_match_exacto","El GIF disponible es bilateral; no enseña la ejecución unilateral."
"Lunes","principal","Elevacion lateral con polea","img_def_lun_04.jpg","0178","cable lateral raise","videos/0178-goJ6ezq.gif","exacto","Mismo movimiento y equipo."
"Lunes","alternativa","Elevacion lateral con mancuernas","img_def_lun_04_alt1.jpg","0334","dumbbell lateral raise","videos/0334-DsgkuIt.gif","exacto","Mismo movimiento y equipo."
"Lunes","principal","Triceps overhead cable","img_def_jue_04.jpg","0194","cable overhead triceps extension (rope attachment)","videos/0194-2IxROQ1.gif","exacto","Mismo movimiento con cuerda."
"Lunes","alternativa","Extensiones de triceps con mancuerna","img_def_jue_04_alt1.jpg","0430","standing dumbbell triceps extension","videos/0430-PdmaD0N.gif","exacto","Variante confirmada por el usuario: de pie y con ambas manos."
"Lunes","principal","Triceps pushdown (polea)","img_def_lun_05.jpg","0201","cable pushdown","videos/0201-3ZflifB.gif","exacto","Mismo movimiento y equipo."
"Lunes","alternativa","Triceps en polea con cuerda","img_def_lun_05_alt1.jpg","0200","cable pushdown (with rope attachment)","videos/0200-dU605di.gif","exacto","Mismo movimiento con cuerda."
"Lunes","principal","Crunch en maquina","img_def_lun_06.jpg","0595","lever seated crunch (chest pad)","videos/0595-ZnJHhMk.gif","exacto","Mismo patrón en máquina; el modelo físico puede variar."
"Lunes","principal","Pallof press","img_def_lun_07.jpg","0979","band horizontal pallof press","videos/0979-9pa4H5m.gif","apto_con_matiz","Enseña el patrón, pero usa banda; confirmar si en el plan se hace con polea."
"Martes","principal","Dominadas / Jalon al pecho (pronado)","img_def_mar_01.jpg","0150","cable bar lateral pulldown","videos/0150-eYnzaCm.gif","exacto","Variante confirmada por el usuario: jalón prono al pecho."
"Martes","alternativa","Jalon al pecho en polea (agarre ancho)","img_def_mar_01_alt1.jpg","0150","cable bar lateral pulldown","videos/0150-eYnzaCm.gif","exacto","Jalón prono con barra."
"Martes","principal","Remo con pecho apoyado (chest-supported)","img_def_mar_02.jpg","1350","lever seated row","videos/1350-7I6LNUG.gif","exacto","Variante confirmada por el usuario: remo horizontal en máquina con pecho apoyado."
"Martes","alternativa","Remo en maquina con apoyo de pecho","img_def_mar_02_alt1.jpg","1350","lever seated row","videos/1350-7I6LNUG.gif","exacto","Remo sentado con apoyo de pecho."
"Martes","principal","Reverse fly en maquina","img_def_mar_03_alt1.jpg","0602","lever seated reverse fly","videos/0602-myfUsKf.gif","exacto","Mismo movimiento y equipo."
"Martes","alternativa","Reverse cable fly","img_def_mar_03.jpg","0154","cable cross-over revers fly","videos/0154-aqvSOQE.gif","exacto","Reverse fly inclinado desde poleas bajas."
"Martes","alternativa","Face pull","img_def_mar_03.jpg","","","","sin_match_exacto","No hay face pull en el dataset; no reutilizar el GIF de reverse fly."
"Martes","principal","Curl biceps barra EZ","img_def_mar_04.jpg","0447","ez barbell curl","videos/0447-6TG6x2w.gif","exacto","Mismo movimiento y equipo."
"Martes","alternativa","Curl con mancuernas alterno","img_def_mar_04_alt1.jpg","0285","dumbbell alternate biceps curl","videos/0285-BU15nH4.gif","exacto","Mismo movimiento y equipo."
"Martes","principal","Curl martillo en cuerda (polea baja)","img_def_mar_05.jpg","0165","cable hammer curl (with rope)","videos/0165-HPlPoQA.gif","exacto","Mismo movimiento y equipo."
"Martes","principal","Wrist curl (curl de muneca)","img_def_mar_06.jpg","0401","dumbbell seated palms up wrist curl","videos/0401-2dImyQ8.gif","exacto","Variante confirmada por el usuario: sentado y con mancuernas."
"Martes","principal","Curl inverso barra Z / polea","img_def_mar_07.jpg","0451","ez barbell reverse grip curl","videos/0451-Y5X65IB.gif","exacto","Variante confirmada por el usuario: curl inverso con barra Z."
"Miercoles","principal","Hack squat en maquina","img_def_mie_01.jpg","0743","sled hack squat","videos/0743-Qa55kX1.gif","exacto","Mismo movimiento en máquina hack."
"Miercoles","alternativa","Prensa de piernas (posicion alta)","img_def_mie_01_alt1.jpg","1463","sled 45° leg press (side pov)","videos/1463-2Qh2J1e.gif","apto_con_matiz","Muestra la prensa, pero no garantiza la colocación alta de los pies."
"Miercoles","principal","Curl femoral sentado","img_def_mie_02.jpg","0599","lever seated leg curl","videos/0599-Zg3XY7P.gif","exacto","Mismo movimiento y equipo."
"Miercoles","alternativa","Curl femoral tumbado","img_def_mie_02_alt1.jpg","0586","lever lying leg curl","videos/0586-17lJ1kr.gif","exacto","Mismo movimiento y equipo."
"Miercoles","principal","Prensa de piernas","img_def_mie_03.jpg","1463","sled 45° leg press (side pov)","videos/1463-2Qh2J1e.gif","exacto","Prensa de 45° vista lateral."
"Miercoles","principal","Hiperextension en banco a 45","img_def_mie_04.jpg","0489","hyperextension","videos/0489-zhMwOwE.gif","exacto","El GIF muestra el banco inclinado a 45°; la variante 0488 del dataset usa banco horizontal."
"Miercoles","principal","Elevacion de gemelos de pie","img_def_mie_05.jpg","0605","lever standing calf raise","videos/0605-ykUOVze.gif","exacto","Mismo movimiento en máquina."
"Miercoles","alternativa","Elevacion gemelos en prensa","img_def_mie_05_alt1.jpg","1391","sled calf press on leg press","videos/1391-ykHcWme.gif","exacto","Mismo movimiento y equipo."
"Jueves","principal","Elevacion lateral unilateral en polea","img_def_jue_03.jpg","0192","cable one arm lateral raise","videos/0192-wEulIzp.gif","exacto","Mismo movimiento y equipo."
"Jueves","alternativa","Elevacion lateral en maquina","img_def_jue_03_alt1.jpg","0584","lever lateral raise","videos/0584-dRTfGZT.gif","exacto","Mismo movimiento y equipo."
"Jueves","alternativa","Elevacion lateral con mancuernas","img_def_jue_03_alt1.jpg","0334","dumbbell lateral raise","videos/0334-DsgkuIt.gif","exacto","Mismo movimiento y equipo."
"Jueves","principal","Remo al menton en polea agarre amplio","img_def_jue_03.jpg","0246","cable upright row","videos/0246-cALKspW.gif","apto_con_matiz","Mismo patrón y equipo; el GIF no identifica explícitamente el agarre amplio."
"Jueves","alternativa","Remo al menton con mancuernas agarre amplio","img_def_jue_03_alt1.jpg","0437","dumbbell upright row","videos/0437-ainizkb.gif","apto_con_matiz","Mismo patrón y equipo; el GIF no identifica explícitamente el agarre amplio."
"Jueves","principal","Reverse cable fly","img_def_jue_05.jpg","0154","cable cross-over revers fly","videos/0154-aqvSOQE.gif","exacto","Reverse fly inclinado desde poleas bajas."
"Jueves","principal","Press banca plano con mancuernas","img_def_jue_01.jpg","0289","dumbbell bench press","videos/0289-SpYC0Kp.gif","exacto","Mismo movimiento y equipo."
"Jueves","alternativa","Press plano en maquina","img_def_jue_01_alt1.jpg","0576","lever chest press","videos/0576-DOoWcnA.gif","exacto","Press de pecho en máquina."
"Jueves","principal","Cable crossover inclinado (polea baja)","img_def_jue_02.jpg","0179","cable low fly","videos/0179-FVmZVhk.gif","exacto","Poleas bajas con trayectoria ascendente."
"Jueves","alternativa","Aperturas inclinadas con mancuernas","img_def_jue_02_alt1.jpg","0319","dumbbell incline fly","videos/0319-ESOd5Pl.gif","exacto","Mismo movimiento y equipo."
"Jueves","principal","Extension de triceps unilateral cross-body en polea","img_def_jue_06.jpg","0231","cable standing one arm triceps extension","videos/0231-sYCcnon.gif","exacto","La animación verificada cruza desde la polea alta contraria y termina junto a la cadera."
"Jueves","alternativa","Triceps pushdown unilateral en polea alta","img_def_jue_06_alt1.jpg","1723","cable one arm tricep pushdown","videos/1723-qRZ5S1N.gif","exacto","Mismo movimiento y equipo."
"Viernes","principal","Jalon al pecho (supino o neutro)","img_def_vie_01.jpg","0245","cable underhand pulldown","videos/0245-xBYcQHj.gif","exacto","Variante confirmada por el usuario: agarre supino."
"Viernes","alternativa","Jalon con agarre V-bar","img_def_vie_01_alt1.jpg","2616","cable lateral pulldown with v-bar","videos/2616-4c9BhzB.gif","exacto","Mismo movimiento y accesorio."
"Viernes","principal","Remo pecho apoyado unilateral con mancuerna","img_def_vie_02.jpg","1330","dumbbell reverse grip incline bench one arm row","videos/1330-ZIViNh1.gif","apto_con_matiz","Mismo apoyo y unilateralidad, pero el GIF usa agarre supino."
"Viernes","alternativa","Remo en maquina unilateral","img_def_vie_02_alt1.jpg","1313","lever unilateral row","videos/1313-oROuvrX.gif","exacto","Mismo movimiento y equipo."
"Viernes","principal","Pullover (polea o mancuerna)","img_def_vie_03.jpg","0238","cable straight arm pulldown","videos/0238-x69MAlq.gif","exacto","Variante confirmada por el usuario: en polea y con los brazos rectos."
"Viernes","principal","Curl inclinado / Bayesian curl","img_def_vie_04.jpg","0318","dumbbell incline curl","videos/0318-ae9UoXQ.gif","exacto","Variante confirmada por el usuario: curl inclinado con mancuernas."
"Viernes","alternativa","Curl concentrado","img_def_vie_04_alt1.jpg","0297","dumbbell concentration curl","videos/0297-gvsWLQw.gif","exacto","Mismo movimiento y equipo."
"Viernes","principal","Curl predicador","img_def_vie_05.jpg","0592","lever preacher curl","videos/0592-b6hQYMb.gif","exacto","Coincide con la máquina usada según el historial del plan."
"Viernes","principal","Curl en polea alta","img_def_vie_08.jpg","1636","cable overhead curl","videos/1636-wDUqY2u.gif","exacto","Curl bilateral desde poleas altas."
"Viernes","principal","Wrist curl con mancuerna","img_def_vie_06.jpg","0401","dumbbell seated palms up wrist curl","videos/0401-2dImyQ8.gif","exacto","Mismo movimiento y equipo."
"Viernes","principal","Farmer's walk con mancuernas","img_def_vie_07.jpg","2133","farmers walk","videos/2133-qPEzJjA.gif","exacto","Mismo movimiento y equipo."
"Sabado","principal","Glute bridge en suelo con mancuerna","img_def_sab_01.jpg","3013","low glute bridge on floor","videos/3013-u0cNiij.gif","apto_con_matiz","Enseña el patrón, pero el GIF no incluye la mancuerna sobre la cadera."
"Sabado","alternativa","Hip extension en maquina","img_def_sab_01_alt1.jpg","2286","lever hip extension v. 2","videos/2286-OPqShYN.gif","exacto","Mismo movimiento y equipo."
"Sabado","principal","Sentadilla bulgara con mancuernas","img_def_sab_02.jpg","0410","dumbbell single leg split squat","videos/0410-qx4fgX7.gif","exacto","Mismo movimiento y equipo."
"Sabado","alternativa","Zancadas con mancuernas","img_def_sab_02_alt1.jpg","0336","dumbbell lunge","videos/0336-RRWFUcw.gif","exacto","Mismo movimiento y equipo."
"Sabado","principal","Extension de cuadriceps","img_def_sab_03.jpg","0585","lever leg extension","videos/0585-my33uHU.gif","exacto","Mismo movimiento y equipo."
"Sabado","principal","Curl femoral tumbado","img_def_sab_04.jpg","0586","lever lying leg curl","videos/0586-17lJ1kr.gif","exacto","Mismo movimiento y equipo."
"Sabado","alternativa","Curl femoral sentado","img_def_sab_04_alt1.jpg","0599","lever seated leg curl","videos/0599-Zg3XY7P.gif","exacto","Mismo movimiento y equipo."
"Sabado","principal","Elevacion gemelos sentado","img_def_sab_05.jpg","0594","lever seated calf raise","videos/0594-bOOdeyc.gif","exacto","Mismo movimiento y equipo."
"Sabado","principal","Ab rollout con rueda","img_def_sab_07.jpg","0857","wheel rollerout","videos/0857-NAgVB3t.gif","exacto","Mismo movimiento y equipo."
"Sabado","principal","Pallof press","img_def_sab_08.jpg","0979","band horizontal pallof press","videos/0979-9pa4H5m.gif","apto_con_matiz","Enseña el patrón, pero usa banda; confirmar si en el plan se hace con polea."
